{
  "seed": 20260620,
  "n_values": [
    3,
    4
  ],
  "n=3": {
    "SR_S1": {
      "name": "SR.S1",
      "count": 40,
      "min": -0.028498613005172063,
      "median": -0.004142802276428617,
      "mean": -0.006584706942536796,
      "max": 5.551115123125783e-17
    },
    "SR_S2": {
      "name": "SR.S2",
      "count": 40,
      "min": 0.0,
      "median": 0.020210011142570997,
      "mean": 0.025981406006490015,
      "max": 0.07768277868059432
    },
    "F1_S1": {
      "name": "F1.S1",
      "count": 12,
      "min": 0.022093560249068528,
      "median": 0.04460617879116191,
      "mean": 0.04463369623187213,
      "max": 0.07107158685207074
    },
    "F1_dist_lb_L1": {
      "name": "F1.distLB",
      "count": 12,
      "min": 0.007364520083022842,
      "median": 0.014868726263720633,
      "mean": 0.014877898743957374,
      "max": 0.023690528950690248
    },
    "F2_found": 10,
    "F2_search_tries": 60000,
    "F2_S1": {
      "name": "F2.S1",
      "count": 10,
      "min": -0.009106275235370415,
      "median": -0.0023308224487863308,
      "mean": -0.0031255511791122383,
      "max": -0.00016006646329852492
    },
    "F2_S2": {
      "name": "F2.S2",
      "count": 10,
      "min": 0.01627386418930038,
      "median": 0.06510931862032818,
      "mean": 0.07258143884761825,
      "max": 0.15471630810175793
    },
    "F2_margin": {
      "name": "F2.margin(<0=nonSR)",
      "count": 10,
      "min": -0.09370471958360493,
      "median": -0.01525241550618256,
      "mean": -0.031098732373504558,
      "max": -0.0014379040964114659
    },
    "F2_dist_lb_L2": {
      "name": "F2.distLB",
      "count": 10,
      "min": 0.0001727803816264685,
      "median": 0.0004583869025058415,
      "mean": 0.0012465232182025353,
      "max": 0.007388864149818819
    },
    "F2_delta_Delta": {
      "name": "F2.deltaDelta",
      "count": 10,
      "min": 0.0014379040964114659,
      "median": 0.01525241550618256,
      "mean": 0.031098732373504558,
      "max": 0.09370471958360493
    },
    "F2_witness_interiorness": {
      "name": "F2.interiorness(0=vertex)",
      "count": 10,
      "min": 0.002493389623772662,
      "median": 1.2715008497887925,
      "mean": 1.3147389386422699,
      "max": 2.965618677581041
    },
    "SR_product_anchor_S2_present": true,
    "F2strong_margin": {
      "name": "F2strong.margin",
      "count": 3,
      "min": -0.09370471958360493,
      "median": -0.07406465654513994,
      "mean": -0.07247670119674088,
      "max": -0.04966072746147776
    },
    "F2strong_S1": {
      "name": "F2strong.S1",
      "count": 3,
      "min": -0.006170547449704633,
      "median": -0.006056075757260589,
      "mean": -0.004294740242705104,
      "max": -0.0006575975211500912
    },
    "F2strong_S2": {
      "name": "F2strong.S2",
      "count": 3,
      "min": 0.04981408520949256,
      "median": 0.10013103061861123,
      "mean": 0.09295305098262063,
      "max": 0.1289140371197581
    },
    "F2strong_dist_lb_L2": {
      "name": "F2strong.distLB",
      "count": 3,
      "min": 0.0002488042594973278,
      "median": 0.0007368407449215311,
      "mean": 0.0006948083848046416,
      "max": 0.0010987801499950658
    },
    "H3_S2_corr_with_deltaDelta": 0.28939228501573344,
    "H3_S2_SR_max": 0.07768277868059432,
    "H3_S2_SR_median": 0.020210011142570997,
    "H3_S2_F2_median": 0.06510931862032818,
    "H3_separates": false
  },
  "n=4": {
    "F2_tensored_added": 12,
    "SR_S1": {
      "name": "SR.S1",
      "count": 6,
      "min": 5.551115123125783e-17,
      "median": 9.71445146547012e-17,
      "mean": 8.789265611615822e-17,
      "max": 1.1102230246251565e-16
    },
    "SR_S2": {
      "name": "SR.S2",
      "count": 6,
      "min": 5.551115123125783e-17,
      "median": 8.326672684688674e-17,
      "mean": 8.326672684688674e-17,
      "max": 1.1102230246251565e-16
    },
    "F1_S1": {
      "name": "F1.S1",
      "count": 12,
      "min": 0.02597361059851827,
      "median": 0.057630821551241565,
      "mean": 0.05503835352115291,
      "max": 0.08121232606240422
    },
    "F1_dist_lb_L1": {
      "name": "F1.distLB",
      "count": 12,
      "min": 0.008657870199506071,
      "median": 0.019210273850413816,
      "mean": 0.01834611784038428,
      "max": 0.02707077535413473
    },
    "F2_found": 12,
    "F2_search_tries": 60000,
    "F2_S1": {
      "name": "F2.S1",
      "count": 12,
      "min": 1.3877787807814457e-17,
      "median": 5.551115123125783e-17,
      "mean": 6.129356281784719e-17,
      "max": 1.1102230246251565e-16
    },
    "F2_S2": {
      "name": "F2.S2",
      "count": 12,
      "min": 0.016273864189300324,
      "median": 0.06510931862032826,
      "mean": 0.07304259553805031,
      "max": 0.15471630810175793
    },
    "F2_margin": {
      "name": "F2.margin(<0=nonSR)",
      "count": 12,
      "min": -350.144644752334,
      "median": -25.595726161269113,
      "mean": -65.55594433250977,
      "max": -1.0953729402390309
    },
    "F2_dist_lb_L2": {
      "name": "F2.distLB",
      "count": 12,
      "min": 7.2378513797404666e-06,
      "median": 0.00019196698485969451,
      "mean": 0.0003076557028404185,
      "max": 0.0012841035714863606
    },
    "F2_delta_Delta": {
      "name": "F2.deltaDelta",
      "count": 12,
      "min": 1.0953729402390309,
      "median": 25.595726161269113,
      "mean": 65.55594433250977,
      "max": 350.144644752334
    },
    "F2_witness_interiorness": {
      "name": "F2.interiorness(0=vertex)",
      "count": 12,
      "min": 0.2728917786561835,
      "median": 1.059646943906658,
      "mean": 1.1647045574502277,
      "max": 2.562861314423455
    },
    "SR_product_anchor_S2_present": true,
    "F2strong_margin": {
      "name": "F2strong.margin",
      "count": 4,
      "min": -350.144644752334,
      "median": -147.21113422592862,
      "mean": -169.8700507368019,
      "max": -34.91328974301632
    },
    "F2strong_S1": {
      "name": "F2strong.S1",
      "count": 4,
      "min": 2.7755575615628914e-17,
      "median": 4.163336342344337e-17,
      "mean": 5.551115123125783e-17,
      "max": 1.1102230246251565e-16
    },
    "F2strong_S2": {
      "name": "F2strong.S2",
      "count": 4,
      "min": 0.04981408520949254,
      "median": 0.11452253386918462,
      "mean": 0.10194329751690502,
      "max": 0.1289140371197583
    },
    "F2strong_dist_lb_L2": {
      "name": "F2strong.distLB",
      "count": 4,
      "min": 2.7122477467270242e-05,
      "median": 0.0003174107819766311,
      "mean": 0.0003240959740700567,
      "max": 0.0006344398548596943
    },
    "H3_S2_corr_with_deltaDelta": 0.4005963738835437,
    "H3_S2_SR_max": 1.1102230246251565e-16,
    "H3_S2_SR_median": 8.326672684688674e-17,
    "H3_S2_F2_median": 0.06510931862032826,
    "H3_separates": false
  },
  "n4_S3probe": {
    "SR_count": 6,
    "F2_count": 0,
    "search_budget_used": 120000,
    "SR_S3": {
      "name": "SR.S3(<=0 expected)",
      "count": 6,
      "min": -6.938893903907228e-18,
      "median": 1.734723475976807e-18,
      "mean": 5.204170427930421e-18,
      "max": 2.7755575615628914e-17
    },
    "F2_S1": {
      "name": "F2.S1(<=0 by filter)",
      "count": 0
    },
    "F2_S3": {
      "name": "F2.S3",
      "count": 0
    },
    "F2_margin_raw": {
      "name": "F2.margin(raw,unnormalized)",
      "count": 0
    },
    "S3_detects_F2_frac": 0.0,
    "killer_count_S1andS3_le0_butNonSR": 0,
    "note": "S3 is sign-constrained (SR=>S3<=0), a FAIR order-4 NA witness; raw margins are NOT normalized and scale with z^n (audit MINOR-1)."
  }
}